post_id,subreddit,title,selftext,created_utc,num_comments,score,permalink,url,text_all,area,source
1q1zucl,Amsterdam,Huis kopen Bijlmer,"Hi allemaal,

Ik (30F) ben me aan het ori√´nteren om een appartement te kopen in de Bijlmer.

Ik ben benieuwd: welke wijken vinden jullie het leukste om te wonen en waarom?

Zelf vind ik vooral rust, goede OV-bereikbaarheid, voorzieningen in de buurt en een groene omgeving om te hardlopen belangrijk.",1767363727.0,40,6,https://www.reddit.com/r/Amsterdam/comments/1q1zucl/huis_kopen_bijlmer/,https://www.reddit.com/r/Amsterdam/comments/1q1zucl/huis_kopen_bijlmer/,"Huis kopen Bijlmer Hi allemaal,

Ik (30F) ben me aan het ori√´nteren om een appartement te kopen in de Bijlmer.

Ik ben benieuwd: welke wijken vinden jullie het leukste om te wonen en waarom?

Zelf vind ik vooral rust, goede OV-bereikbaarheid, voorzieningen in de buurt en een groene omgeving om te hardlopen belangrijk.",Bijlmer/Zuidoost,subreddit_Amsterdam
1q1crae,Amsterdam,Waar haal ik betaalbaar BBQ-vlees in Amsterdam?,"Hoi Reddit,

Ik heb nog een laat kerstdinetje waar het hoofdgerecht op mijn bord geschoven werd. Dus ik ga een BBQstuk uit de oven maken met liquid smoke. 

Was gisteren bij een slager in depijp en kon daar ‚Ç¨17 aftikken voor een stukje dat  in een Happy Meal zou verdwalen.

Dus ik zoek hulp. Ik ben op zoek naar een slager ergens in Amsterdam waar ik een stuk runder vlees kan scoren  denk aan schouderstuk / borststuk / rundernek / dat soort werk vlees voor langzaam garen.  
Mag ruw, mag groot, maar goedkoop dus en zolang het low en slow kan en een beetje draden trekt.

Dank allen",1767295930.0,9,0,https://www.reddit.com/r/Amsterdam/comments/1q1crae/waar_haal_ik_betaalbaar_bbqvlees_in_amsterdam/,https://www.reddit.com/r/Amsterdam/comments/1q1crae/waar_haal_ik_betaalbaar_bbqvlees_in_amsterdam/,"Waar haal ik betaalbaar BBQ-vlees in Amsterdam? Hoi Reddit,

Ik heb nog een laat kerstdinetje waar het hoofdgerecht op mijn bord geschoven werd. Dus ik ga een BBQstuk uit de oven maken met liquid smoke. 

Was gisteren bij een slager in depijp en kon daar ‚Ç¨17 aftikken voor een stukje dat  in een Happy Meal zou verdwalen.

Dus ik zoek hulp. Ik ben op zoek naar een slager ergens in Amsterdam waar ik een stuk runder vlees kan scoren  denk aan schouderstuk / borststuk / rundernek / dat soort werk vlees voor langzaam garen.  
Mag ruw, mag groot, maar goedkoop dus en zolang het low en slow kan en een beetje draden trekt.

Dank allen",De Pijp,subreddit_Amsterdam
1pvcw7v,Amsterdam,Tip voor een goede garage (peugeot)?,"Hoi! Wij nemen de auto van mijn schoonouders over, een peugeot 208 uit 2013. We zijn op zoek naar een goede garage (liefst omgeving de Pijp) om de auto een goede controle/beurt te geven.

Heeft iemand een tip voor een goede garage in omgeving de Pijp voor een peugeot?

Groet, fijne kerst!",1766667554.0,8,5,https://www.reddit.com/r/Amsterdam/comments/1pvcw7v/tip_voor_een_goede_garage_peugeot/,https://www.reddit.com/r/Amsterdam/comments/1pvcw7v/tip_voor_een_goede_garage_peugeot/,"Tip voor een goede garage (peugeot)? Hoi! Wij nemen de auto van mijn schoonouders over, een peugeot 208 uit 2013. We zijn op zoek naar een goede garage (liefst omgeving de Pijp) om de auto een goede controle/beurt te geven.

Heeft iemand een tip voor een goede garage in omgeving de Pijp voor een peugeot?

Groet, fijne kerst!",De Pijp,subreddit_Amsterdam
1psxlpc,Amsterdam,"Hi everyone, my cat Momo gone missing on Wednesday 17-12-2025.","She is last seen at Blasiusstraat 34, Amsterdam Oost

She is a 4kg tabby cat with white lower body and black - brown tabby stripes covering from her head all the way to her tail. What is special about her:

- Very long tail

- A heart-shaped spot on her right thigh

- A white stroke on her brown back

She is very shy, scared of people, cautious, and not vocal at all. Her hissing is just a wide-opened mouth at best. She doesn't know her name and doesn't wear a collar. 

If anyone sees her around Wibautstraat, Roeterseiland, Oosterpark, de Pijp, Amstelstation, or along Amstel river, please send a picture and location to my whatsapp +31 6 8704 2818

Any lead means a lot to me ü•πü•π 

Thank you all so much in advance! ‚ô•Ô∏è‚ô•Ô∏è",1766403943.0,66,537,https://www.reddit.com/r/Amsterdam/comments/1psxlpc/hi_everyone_my_cat_momo_gone_missing_on_wednesday/,https://www.reddit.com/gallery/1psxlpc,"Hi everyone, my cat Momo gone missing on Wednesday 17-12-2025. She is last seen at Blasiusstraat 34, Amsterdam Oost

She is a 4kg tabby cat with white lower body and black - brown tabby stripes covering from her head all the way to her tail. What is special about her:

- Very long tail

- A heart-shaped spot on her right thigh

- A white stroke on her brown back

She is very shy, scared of people, cautious, and not vocal at all. Her hissing is just a wide-opened mouth at best. She doesn't know her name and doesn't wear a collar. 

If anyone sees her around Wibautstraat, Roeterseiland, Oosterpark, de Pijp, Amstelstation, or along Amstel river, please send a picture and location to my whatsapp +31 6 8704 2818

Any lead means a lot to me ü•πü•π 

Thank you all so much in advance! ‚ô•Ô∏è‚ô•Ô∏è",De Pijp,subreddit_Amsterdam
1pi19dm,Amsterdam,"Opinie volledige stadsdeelcommissie Zuidoost over schrappen metro 53: ‚ÄòU cre√´ert eilandjes in de stad, terwijl u als Vervoerregio juist zou moeten verbinden‚Äô",,1765264727.0,8,54,https://www.reddit.com/r/Amsterdam/comments/1pi19dm/opinie_volledige_stadsdeelcommissie_zuidoost_over/,https://www.parool.nl/columns-opinie/opinie-volledige-stadsdeelcommissie-zuidoost-over-schrappen-metro-53-u-creeert-eilandjes-in-de-stad-terwijl-u-als-vervoerregio-juist-zou-moeten-verbinden~bcd9ca7a/,"Opinie volledige stadsdeelcommissie Zuidoost over schrappen metro 53: ‚ÄòU cre√´ert eilandjes in de stad, terwijl u als Vervoerregio juist zou moeten verbinden‚Äô ",Bijlmer/Zuidoost,subreddit_Amsterdam
1p3c12v,Amsterdam,"Konijnen zwaar mishandeld op kinderboerderij in Zuidoost: ""Vlekkies poot is verbrijzeld""",,1763763199.0,22,85,https://www.reddit.com/r/Amsterdam/comments/1p3c12v/konijnen_zwaar_mishandeld_op_kinderboerderij_in/,https://www.at5.nl/artikelen/235624/konijnen-zwaar-mishandeld-op-kinderboerderij-in-zuidoost-vlekkies-poot-is-verbrijzeld,"Konijnen zwaar mishandeld op kinderboerderij in Zuidoost: ""Vlekkies poot is verbrijzeld"" ",Bijlmer/Zuidoost,subreddit_Amsterdam
1p27nze,Amsterdam,Best/safest route Bijlmer &gt; Ziggo dome?,"Next week I'm attending a concert at the Ziggo dome (üåå ü§†) and around the same time, Ajax is playing against Benfica.Together with a friend, we'll be going from Bijlmer station to the dome. Maybe by bike. 

The door opening times sooort of overlap, my husband (team Ajax, he's jealous) expressed concern since we'll be 2 women. So i was thinking about going around to avoid the crowd: Hoogoorddreef &gt; Holterbergweg.

I know nothing about Amsterdam and the atmosphere during match time, is that itinerary realistic at all? Or is it generally ok to just cross the boulevard, even past 23:00?

Thaaanks",1763656176.0,19,0,https://www.reddit.com/r/Amsterdam/comments/1p27nze/bestsafest_route_bijlmer_ziggo_dome/,https://www.reddit.com/r/Amsterdam/comments/1p27nze/bestsafest_route_bijlmer_ziggo_dome/,"Best/safest route Bijlmer &gt; Ziggo dome? Next week I'm attending a concert at the Ziggo dome (üåå ü§†) and around the same time, Ajax is playing against Benfica.Together with a friend, we'll be going from Bijlmer station to the dome. Maybe by bike. 

The door opening times sooort of overlap, my husband (team Ajax, he's jealous) expressed concern since we'll be 2 women. So i was thinking about going around to avoid the crowd: Hoogoorddreef &gt; Holterbergweg.

I know nothing about Amsterdam and the atmosphere during match time, is that itinerary realistic at all? Or is it generally ok to just cross the boulevard, even past 23:00?

Thaaanks",Bijlmer/Zuidoost,subreddit_Amsterdam
1ozdryv,Amsterdam,Who‚Äôs the note-handing beggar on Tram 54 in Amsterdam?,"I‚Äôve noticed a man on Tram 54 (southbound toward Bijlmer, often around Holendrecht/Bullewijk) who regularly hands out small notes asking for money. He looks very thin and tired, and this has been going on for a while now.

A couple of questions I‚Äôm curious about:

Does anyone know who he is or what his story might be?

Is he possibly part of an organized group or being exploited?

Why doesn‚Äôt GVB intervene? Are they aware of him?


I don‚Äôt mean to be judgmental, just trying to understand what‚Äôs going on. It‚Äôs such a frequent sight now that it feels like it‚Äôs gone beyond just one person begging.

Anyone else encounter him and wonder the same?",1763378622.0,7,0,https://www.reddit.com/r/Amsterdam/comments/1ozdryv/whos_the_notehanding_beggar_on_tram_54_in/,https://www.reddit.com/r/Amsterdam/comments/1ozdryv/whos_the_notehanding_beggar_on_tram_54_in/,"Who‚Äôs the note-handing beggar on Tram 54 in Amsterdam? I‚Äôve noticed a man on Tram 54 (southbound toward Bijlmer, often around Holendrecht/Bullewijk) who regularly hands out small notes asking for money. He looks very thin and tired, and this has been going on for a while now.

A couple of questions I‚Äôm curious about:

Does anyone know who he is or what his story might be?

Is he possibly part of an organized group or being exploited?

Why doesn‚Äôt GVB intervene? Are they aware of him?


I don‚Äôt mean to be judgmental, just trying to understand what‚Äôs going on. It‚Äôs such a frequent sight now that it feels like it‚Äôs gone beyond just one person begging.

Anyone else encounter him and wonder the same?",Bijlmer/Zuidoost,subreddit_Amsterdam
1onqeum,Amsterdam,Man left unconscious after brutal assault at Amsterdam Bijlmer ArenA station,Does anyone know more about this. Was the victim attacked unprovoked or is there more to the story. This is worry some as I frequently use that station. ,1762209445.0,130,151,https://www.reddit.com/r/Amsterdam/comments/1onqeum/man_left_unconscious_after_brutal_assault_at/,https://nltimes.nl/2025/11/03/man-left-unconscious-brutal-assault-amsterdam-bijlmer-arena-station,Man left unconscious after brutal assault at Amsterdam Bijlmer ArenA station Does anyone know more about this. Was the victim attacked unprovoked or is there more to the story. This is worry some as I frequently use that station. ,Bijlmer/Zuidoost,subreddit_Amsterdam
1olsxe4,Amsterdam,Missing Cat,"Hello, my cat Spruitje has been missing since Monday 27-10-2025 in the rivierenbuurt (De Pijp). If someone has seen him please let me know. We miss our cat and want him home. He also has a brother who misses him.

He is an orange white male cat. He has two white stripes on his back. He is a cat who is not used to the streets (only the backyard). 

If this is not the correct subreddit, please let me know where I can post this.",1762016341.0,14,113,https://www.reddit.com/r/Amsterdam/comments/1olsxe4/missing_cat/,https://www.reddit.com/gallery/1olsxe4,"Missing Cat Hello, my cat Spruitje has been missing since Monday 27-10-2025 in the rivierenbuurt (De Pijp). If someone has seen him please let me know. We miss our cat and want him home. He also has a brother who misses him.

He is an orange white male cat. He has two white stripes on his back. He is a cat who is not used to the streets (only the backyard). 

If this is not the correct subreddit, please let me know where I can post this.",De Pijp,subreddit_Amsterdam
1ofp3aw,Amsterdam,Bad Eyelash lifting over priced by Yana Sacviouc in de Pijp in Beauty Derma,"I have been coming for over a Year to do the lifting with serum, until now...

I received yesterday my treatment, this time I even had longer lashes than before, as I have been using a castor oil serum...

I told Yana I was gonna be late 10-12 min, I come from a village close to Amsterdam, and do to the work in the road of Noord AMsterdam, the public transport it is chaos, and unpredicted, so I can not do nothing about it! even though, I managed to ARRIVE 6 min late, not more. I asked her in advance if she would take to do the full service, as it was giving me so much stress to come(2 buses did noy show up).

She said her policy do noy accepy cancellation, no many options.

Finally, after 6 min passed my time, she recieved in a huge hurry,(meaning she does not plan well her appointments from one to the next), then I noticed she was doing something else, so I asked, and he applied WITHOUT CONSENT another technic, some Korean eyelash lift, again WITHOUT ASKING ME.

I paid 75 eur, like always, but the result were a huge dissapointment.... I asked her, did you apply the serum? as after this the eyelash looks way thicker and fuller...

she said yes, they are wet,later willl look better... LIE

after hours my eyelash were as I left, not curled like always.

I told her i wasnt happy, she did not offer do do it right without cost, or give me back the money, she did not take responsabilty in her action, or apologised, which is what made me the most angry.... after so long.

The funniest is that day i bring her a little present, and in the past i bring her soup from the Suriname restaurant next door!

this is how Yana  treats a humble client...

at the end she showed that she only cares about making money... and this is not only case, in treatwell another girl had similar situation.

I hope the 75 euros worth it, you lost a good client and won a bad commentarie.",1761391348.0,1,0,https://www.reddit.com/r/Amsterdam/comments/1ofp3aw/bad_eyelash_lifting_over_priced_by_yana_sacviouc/,https://www.reddit.com/r/Amsterdam/comments/1ofp3aw/bad_eyelash_lifting_over_priced_by_yana_sacviouc/,"Bad Eyelash lifting over priced by Yana Sacviouc in de Pijp in Beauty Derma I have been coming for over a Year to do the lifting with serum, until now...

I received yesterday my treatment, this time I even had longer lashes than before, as I have been using a castor oil serum...

I told Yana I was gonna be late 10-12 min, I come from a village close to Amsterdam, and do to the work in the road of Noord AMsterdam, the public transport it is chaos, and unpredicted, so I can not do nothing about it! even though, I managed to ARRIVE 6 min late, not more. I asked her in advance if she would take to do the full service, as it was giving me so much stress to come(2 buses did noy show up).

She said her policy do noy accepy cancellation, no many options.

Finally, after 6 min passed my time, she recieved in a huge hurry,(meaning she does not plan well her appointments from one to the next), then I noticed she was doing something else, so I asked, and he applied WITHOUT CONSENT another technic, some Korean eyelash lift, again WITHOUT ASKING ME.

I paid 75 eur, like always, but the result were a huge dissapointment.... I asked her, did you apply the serum? as after this the eyelash looks way thicker and fuller...

she said yes, they are wet,later willl look better... LIE

after hours my eyelash were as I left, not curled like always.

I told her i wasnt happy, she did not offer do do it right without cost, or give me back the money, she did not take responsabilty in her action, or apologised, which is what made me the most angry.... after so long.

The funniest is that day i bring her a little present, and in the past i bring her soup from the Suriname restaurant next door!

this is how Yana  treats a humble client...

at the end she showed that she only cares about making money... and this is not only case, in treatwell another girl had similar situation.

I hope the 75 euros worth it, you lost a good client and won a bad commentarie.",De Pijp,subreddit_Amsterdam
1odeip8,Amsterdam,Looking for community and things to do in Bijlmer,"I'm about to move into one of the new flats near Bullewijk and I'd love to know from people who are from the area about some good initiatives that I might be able to join to get myself involved in the community.
I'm thinking about volunteering work, community centers, regular sports activities, co working spaces etc.

I'm born and raised in Amsterdam, but have never lived in Bijlmer and with this location looking particularly boring (unless you count the Ikea as exhilarating), it'd be nice to find some things to look forward to and get to know my neighbours.",1761153684.0,8,7,https://www.reddit.com/r/Amsterdam/comments/1odeip8/looking_for_community_and_things_to_do_in_bijlmer/,https://www.reddit.com/r/Amsterdam/comments/1odeip8/looking_for_community_and_things_to_do_in_bijlmer/,"Looking for community and things to do in Bijlmer I'm about to move into one of the new flats near Bullewijk and I'd love to know from people who are from the area about some good initiatives that I might be able to join to get myself involved in the community.
I'm thinking about volunteering work, community centers, regular sports activities, co working spaces etc.

I'm born and raised in Amsterdam, but have never lived in Bijlmer and with this location looking particularly boring (unless you count the Ikea as exhilarating), it'd be nice to find some things to look forward to and get to know my neighbours.",Bijlmer/Zuidoost,subreddit_Amsterdam
1o5hyj2,Amsterdam,What is your favourite vegetarian restaurant?,"Similarly to what was done for the [coffee thread ](https://www.reddit.com/r/Amsterdam/comments/1mnqb1l/what_is_your_favourite_coffee_spot/)I'd like to update the wiki with useful information on where to get good plant-based meals. After a week or so of everybody's comments, I'll update the main text of this post with hyperlinks and add it to the wiki.

it would be great if you could add the neighbourhood and a short sentence or two about why you like it. I assure you that I am not some listicle writer trying to crowd source, just trying to make our wiki useful :)

**De Pijp**

* [Yuan's Hot Pot](https://maps.app.goo.gl/X6rQSpgLxuuB3cfa9) \- ¬†has specifically vegan broths and does a good job accommodating vegan visitors. They label everything with whether it's vegan-friendly or not, and you order individual ingredients separately
* [De Waaghals](https://maps.app.goo.gl/bK2nTFmmf8SJZdm77) \- fully vegan prix-fix menu
* [Kitchen Impossible](https://maps.app.goo.gl/77HBXo7wfs8J77nN9)  Vegan Japanese. Men Impossible is more formal with a set menu (reservation needed) and Kitchen Impossible more casual walk-in.

**Centrum / Center**

* [TestTafel](https://maps.app.goo.gl/1bM4s28NYS19XrpXA) \- activist nature and has a minimum price with an option to donate more, which they use to fund other cool stuff.
* [TerraZen](https://maps.app.goo.gl/bnN6KQrUz2yTQ7d78) \- Feels like you are in somebody‚Äôs living room, having a home cooked meal. The warm hospitality is unique in Amsterdam!
* [Golden Temple ](https://maps.app.goo.gl/4FvtHmaNDCdxugvH7)
* [Choux](https://maps.app.goo.gl/qkeoXHbvrr5D2oco7) \- It's expensive, but for my money the best plant-based fine dining is Choux - and they were just awarded a Michelin star!
* [Kailash Parbat](https://maps.app.goo.gl/c2k7gnZUg5USvgwUA) \- Indian

**Jordaan**

* [Madre](https://maps.app.goo.gl/1YqHgV4pF1ZZRWVH8) \- 100% plant-based delicious dishes that make even meat-eaters happy.
* [bonboon](https://maps.app.goo.gl/9PiqsvbnoQaAgXMi8) \- fine dining
* [D&amp;A](https://maps.app.goo.gl/q5ch3YudrvZeoAS97) \- with other locations in [Zuid](https://maps.app.goo.gl/Yt9VWWfwJqkNLHHJ9) and [Oost](https://maps.app.goo.gl/c7LiB3dSXVUiShrcA)
* [Men Impossible](https://maps.app.goo.gl/VGBdtBMcxihjQb3t7) \- Vegan Japanese. Men Impossible is more formal with a set menu (reservation needed) and Kitchen Impossible more casual walk-in.

**Oost / East**

* [Yangon Delight](https://maps.app.goo.gl/QyMc36QhLZ86cqA37) \- not entirely vegetarian, they have a pretty decent vegan selection, label everything, and are fine with substitutions. It's also just excellent food. :)
* [Spirit](https://maps.app.goo.gl/VdV5irrLdmxNpPu4A) \- The food is buffet style, and you pay by weight. So, you can see the food and select what you like and no food waste, because you are in charge of portion size.
* [Hearth](https://maps.app.goo.gl/Fb2mPgGRGEcvGURf8) \-
* [Elixer](https://maps.app.goo.gl/spyV3VpuLCWGidpd8) \- great atmosphere
* [The Meets](https://maps.app.goo.gl/uJKLnuEti48W4Tct7) \- Great flavors, kind service, nice atmosphere, not too expensive.
* [Bloem](https://maps.app.goo.gl/b1HQp7BvYkKzDMgK8) \- It is a vegan restaurant, but very small. Reservation needed. They are very much vegetable and seasonally focused and experiment with using food waste in new dishes.
* [Vegan Sushi Bar](https://maps.app.goo.gl/sQQFZuC1Q2t2t5xC9) \- second location in [west,](https://maps.app.goo.gl/1UNC36R63UpGLoro7) a bit on the expensive side.
* [Wilde Zwijnen](https://maps.app.goo.gl/VX47fK8VSwBKBzM36) \- based around seasonal food (and not strictly vegetarian, but has a veg prix-fixe).  They have a great atmosphere and wont break the bank.
* [Veganees](https://maps.app.goo.gl/j1WqJnu21S9Ven2T6)
* [Kilimanjaro Take Me Away](https://maps.app.goo.gl/FyWb1yrBMUEGrHfbA)

**noord**

* [de ceuvel](https://deceuvel.nl/nl/). fully plant based, especially nice in summer as its along the waterside
* [cornerstore](https://csnoord.com/). mostly veg. bit more fine dining but still chill, with a good vinyl listening bar
* [liever hier](https://www.instagram.com/liever_hier/?hl=en). fully plant based. not for dinner but serving coffee, lunch, cake. lovely location on nieuwendammerdijk.
* [kannibalen &amp; paradijsvogels](https://www.instagram.com/kannibalenenparadijsvogels/?hl=en). they serve a really good veg(an) rijsttafel!

**Other:**

* [vuurtoreneiland](https://vuurtoreneiland.nl). You do have to book months in advance, but it is a really unique experience and worth the price for what you get. they do offer a fully vegetarian prix-fixe menu and its based around seasonal foods.
* Den Haag/The Hague: Krishna Vilas, Saravanaa Bhavan
* Amstelveen: Tummy Treats and Indian Street Food &amp; Co",1760357477.0,61,39,https://www.reddit.com/r/Amsterdam/comments/1o5hyj2/what_is_your_favourite_vegetarian_restaurant/,https://www.reddit.com/r/Amsterdam/comments/1o5hyj2/what_is_your_favourite_vegetarian_restaurant/,"What is your favourite vegetarian restaurant? Similarly to what was done for the [coffee thread ](https://www.reddit.com/r/Amsterdam/comments/1mnqb1l/what_is_your_favourite_coffee_spot/)I'd like to update the wiki with useful information on where to get good plant-based meals. After a week or so of everybody's comments, I'll update the main text of this post with hyperlinks and add it to the wiki.

it would be great if you could add the neighbourhood and a short sentence or two about why you like it. I assure you that I am not some listicle writer trying to crowd source, just trying to make our wiki useful :)

**De Pijp**

* [Yuan's Hot Pot](https://maps.app.goo.gl/X6rQSpgLxuuB3cfa9) \- ¬†has specifically vegan broths and does a good job accommodating vegan visitors. They label everything with whether it's vegan-friendly or not, and you order individual ingredients separately
* [De Waaghals](https://maps.app.goo.gl/bK2nTFmmf8SJZdm77) \- fully vegan prix-fix menu
* [Kitchen Impossible](https://maps.app.goo.gl/77HBXo7wfs8J77nN9)  Vegan Japanese. Men Impossible is more formal with a set menu (reservation needed) and Kitchen Impossible more casual walk-in.

**Centrum / Center**

* [TestTafel](https://maps.app.goo.gl/1bM4s28NYS19XrpXA) \- activist nature and has a minimum price with an option to donate more, which they use to fund other cool stuff.
* [TerraZen](https://maps.app.goo.gl/bnN6KQrUz2yTQ7d78) \- Feels like you are in somebody‚Äôs living room, having a home cooked meal. The warm hospitality is unique in Amsterdam!
* [Golden Temple ](https://maps.app.goo.gl/4FvtHmaNDCdxugvH7)
* [Choux](https://maps.app.goo.gl/qkeoXHbvrr5D2oco7) \- It's expensive, but for my money the best plant-based fine dining is Choux - and they were just awarded a Michelin star!
* [Kailash Parbat](https://maps.app.goo.gl/c2k7gnZUg5USvgwUA) \- Indian

**Jordaan**

* [Madre](https://maps.app.goo.gl/1YqHgV4pF1ZZRWVH8) \- 100% plant-based delicious dishes that make even meat-eaters happy.
* [bonboon](https://maps.app.goo.gl/9PiqsvbnoQaAgXMi8) \- fine dining
* [D&amp;A](https://maps.app.goo.gl/q5ch3YudrvZeoAS97) \- with other locations in [Zuid](https://maps.app.goo.gl/Yt9VWWfwJqkNLHHJ9) and [Oost](https://maps.app.goo.gl/c7LiB3dSXVUiShrcA)
* [Men Impossible](https://maps.app.goo.gl/VGBdtBMcxihjQb3t7) \- Vegan Japanese. Men Impossible is more formal with a set menu (reservation needed) and Kitchen Impossible more casual walk-in.

**Oost / East**

* [Yangon Delight](https://maps.app.goo.gl/QyMc36QhLZ86cqA37) \- not entirely vegetarian, they have a pretty decent vegan selection, label everything, and are fine with substitutions. It's also just excellent food. :)
* [Spirit](https://maps.app.goo.gl/VdV5irrLdmxNpPu4A) \- The food is buffet style, and you pay by weight. So, you can see the food and select what you like and no food waste, because you are in charge of portion size.
* [Hearth](https://maps.app.goo.gl/Fb2mPgGRGEcvGURf8) \-
* [Elixer](https://maps.app.goo.gl/spyV3VpuLCWGidpd8) \- great atmosphere
* [The Meets](https://maps.app.goo.gl/uJKLnuEti48W4Tct7) \- Great flavors, kind service, nice atmosphere, not too expensive.
* [Bloem](https://maps.app.goo.gl/b1HQp7BvYkKzDMgK8) \- It is a vegan restaurant, but very small. Reservation needed. They are very much vegetable and seasonally focused and experiment with using food waste in new dishes.
* [Vegan Sushi Bar](https://maps.app.goo.gl/sQQFZuC1Q2t2t5xC9) \- second location in [west,](https://maps.app.goo.gl/1UNC36R63UpGLoro7) a bit on the expensive side.
* [Wilde Zwijnen](https://maps.app.goo.gl/VX47fK8VSwBKBzM36) \- based around seasonal food (and not strictly vegetarian, but has a veg prix-fixe).  They have a great atmosphere and wont break the bank.
* [Veganees](https://maps.app.goo.gl/j1WqJnu21S9Ven2T6)
* [Kilimanjaro Take Me Away](https://maps.app.goo.gl/FyWb1yrBMUEGrHfbA)

**noord**

* [de ceuvel](https://deceuvel.nl/nl/). fully plant based, especially nice in summer as its along the waterside
* [cornerstore](https://csnoord.com/). mostly veg. bit more fine dining but still chill, with a good vinyl listening bar
* [liever hier](https://www.instagram.com/liever_hier/?hl=en). fully plant based. not for dinner but serving coffee, lunch, cake. lovely location on nieuwendammerdijk.
* [kannibalen &amp; paradijsvogels](https://www.instagram.com/kannibalenenparadijsvogels/?hl=en). they serve a really good veg(an) rijsttafel!

**Other:**

* [vuurtoreneiland](https://vuurtoreneiland.nl). You do have to book months in advance, but it is a really unique experience and worth the price for what you get. they do offer a fully vegetarian prix-fixe menu and its based around seasonal foods.
* Den Haag/The Hague: Krishna Vilas, Saravanaa Bhavan
* Amstelveen: Tummy Treats and Indian Street Food &amp; Co",De Pijp,subreddit_Amsterdam
1o35ns6,Amsterdam,Is it safe and reasonable to bike from Bullewijk (Zuidoost) to Zuid/RAI?,"https://preview.redd.it/2hzd93ev8buf1.png?width=1161&amp;format=png&amp;auto=webp&amp;s=be964df1366f0af986079018a8a54ba58377ca2b

Hi all,

I‚Äôm considering biking from Bullewijk station (Amsterdam Zuidoost) to Amsterdam Zuid or RAI for my commute, and I‚Äôm wondering how realistic this is. Google Maps shows it‚Äôs around 8‚Äì10 km, which doesn‚Äôt sound too bad, but I have a few concerns:

* Some stretches look quite remote, with little lighting or housing nearby ‚Äî is it safe to bike there, especially in the evenings?
* How much does wind affect the ride, especially along the Amstel or more open areas?
* Do people regularly make this commute by bike, or is it more common to just take the train/metro instead?

Would love to hear from anyone with experience on this route ‚Äî whether it‚Äôs worth it, or if public transport is the smarter choice.

Thanks!

EDIT: Thanks for the insights so far! Just to add context, I‚Äôm a 28-year-old female. I wonder if that might change the experience, especially biking alone in the evenings.",1760113643.0,38,35,https://www.reddit.com/r/Amsterdam/comments/1o35ns6/is_it_safe_and_reasonable_to_bike_from_bullewijk/,https://www.reddit.com/r/Amsterdam/comments/1o35ns6/is_it_safe_and_reasonable_to_bike_from_bullewijk/,"Is it safe and reasonable to bike from Bullewijk (Zuidoost) to Zuid/RAI? https://preview.redd.it/2hzd93ev8buf1.png?width=1161&amp;format=png&amp;auto=webp&amp;s=be964df1366f0af986079018a8a54ba58377ca2b

Hi all,

I‚Äôm considering biking from Bullewijk station (Amsterdam Zuidoost) to Amsterdam Zuid or RAI for my commute, and I‚Äôm wondering how realistic this is. Google Maps shows it‚Äôs around 8‚Äì10 km, which doesn‚Äôt sound too bad, but I have a few concerns:

* Some stretches look quite remote, with little lighting or housing nearby ‚Äî is it safe to bike there, especially in the evenings?
* How much does wind affect the ride, especially along the Amstel or more open areas?
* Do people regularly make this commute by bike, or is it more common to just take the train/metro instead?

Would love to hear from anyone with experience on this route ‚Äî whether it‚Äôs worth it, or if public transport is the smarter choice.

Thanks!

EDIT: Thanks for the insights so far! Just to add context, I‚Äôm a 28-year-old female. I wonder if that might change the experience, especially biking alone in the evenings.",Bijlmer/Zuidoost,subreddit_Amsterdam
1nxqh09,Amsterdam,Nightlife in Amsterdam sucks,"I was out yesterday with some friends, and I don't know if I wasn't drunk enough, or I'm not young enough, but everything I saw (and heard) was just......quite bad.

We did some bar hopping, and it was the same story everywhere - 80s/90s music (or no music at all), terrible sound system, very young crowd and mostly blackout drunk.

Not sure I'm missing out on something, but it's not the first time I experience this. I've tried several areas like De Pijp, Leidseplein, Rembrandplein and some bars near Oosterpark and it's all pretty much the same. Is house music and good sound system only reserved for festivals? Don't people like to listen to it on a regular weekend night? There are more djs per square meter than anywhere else, are they only doing house parties?

  
Edit: Got a few club recommendations, and counter arguments that I don't know how to have fun, but no real recommendation that has what I want. A small, walk in bar with good sound system and a local dj that plays deep house music. No entrance fees, no months ahead bookings, no big names. I can only assume that there aren't any and that is not the Dutch scene, which is fair enough, just strange for a country that is considered to be geared to electronic music.",1759573830.0,36,0,https://www.reddit.com/r/Amsterdam/comments/1nxqh09/nightlife_in_amsterdam_sucks/,https://www.reddit.com/r/Amsterdam/comments/1nxqh09/nightlife_in_amsterdam_sucks/,"Nightlife in Amsterdam sucks I was out yesterday with some friends, and I don't know if I wasn't drunk enough, or I'm not young enough, but everything I saw (and heard) was just......quite bad.

We did some bar hopping, and it was the same story everywhere - 80s/90s music (or no music at all), terrible sound system, very young crowd and mostly blackout drunk.

Not sure I'm missing out on something, but it's not the first time I experience this. I've tried several areas like De Pijp, Leidseplein, Rembrandplein and some bars near Oosterpark and it's all pretty much the same. Is house music and good sound system only reserved for festivals? Don't people like to listen to it on a regular weekend night? There are more djs per square meter than anywhere else, are they only doing house parties?

  
Edit: Got a few club recommendations, and counter arguments that I don't know how to have fun, but no real recommendation that has what I want. A small, walk in bar with good sound system and a local dj that plays deep house music. No entrance fees, no months ahead bookings, no big names. I can only assume that there aren't any and that is not the Dutch scene, which is fair enough, just strange for a country that is considered to be geared to electronic music.",De Pijp,subreddit_Amsterdam
1nrvvri,Amsterdam,Any beginner padel player?,"We are looking for a beginner padel player to join us tomorrow at 11am at peakz padel zuidoost. 

We are 3 expats, looking for one more beginner player, feel free to reach out!",1758981375.0,4,1,https://www.reddit.com/r/Amsterdam/comments/1nrvvri/any_beginner_padel_player/,https://www.reddit.com/r/Amsterdam/comments/1nrvvri/any_beginner_padel_player/,"Any beginner padel player? We are looking for a beginner padel player to join us tomorrow at 11am at peakz padel zuidoost. 

We are 3 expats, looking for one more beginner player, feel free to reach out!",Bijlmer/Zuidoost,subreddit_Amsterdam
1nypy24,StudyInTheNetherlands,Looking for student housing in Amsterdam? Avoid HiCondo!,"(previously posted elsewhere)

Long story short, there's still a lot more that needs to be addressed, but if you're an international student looking for housing in Amsterdam, think twice before choosing HiCondo. Illegal security deposit amounts, illegal security deposit withholding, fraudulent service costs, and these are just the tip of the iceberg. I expect more to be published in the coming months. Note: I am one of the 20 tenants interviewed.

Non-paywall, English translation:

https://pastebin.com/csWLKumR

Original (paywall, Dutch)

https://www.parool.nl/amsterdam/hoe-huisjesmelker-van-het-jaar-al-jaren-zijn-gang-gaat-in-studentencomplex-hicondo-in-zuidoost-dit-is-een-van-de-slechtste-verhuurders-van-amsterdam~be831251/

Feel free to ask me questions about the situation.",1759675165.0,1,17,https://www.reddit.com/r/StudyInTheNetherlands/comments/1nypy24/looking_for_student_housing_in_amsterdam_avoid/,https://www.reddit.com/r/StudyInTheNetherlands/comments/1nypy24/looking_for_student_housing_in_amsterdam_avoid/,"Looking for student housing in Amsterdam? Avoid HiCondo! (previously posted elsewhere)

Long story short, there's still a lot more that needs to be addressed, but if you're an international student looking for housing in Amsterdam, think twice before choosing HiCondo. Illegal security deposit amounts, illegal security deposit withholding, fraudulent service costs, and these are just the tip of the iceberg. I expect more to be published in the coming months. Note: I am one of the 20 tenants interviewed.

Non-paywall, English translation:

https://pastebin.com/csWLKumR

Original (paywall, Dutch)

https://www.parool.nl/amsterdam/hoe-huisjesmelker-van-het-jaar-al-jaren-zijn-gang-gaat-in-studentencomplex-hicondo-in-zuidoost-dit-is-een-van-de-slechtste-verhuurders-van-amsterdam~be831251/

Feel free to ask me questions about the situation.",Bijlmer/Zuidoost,subreddit_StudyInTheNetherlands
1q01dy2,thenetherlands,O&amp;N 20 uur laatste OV herinnering!,"https://www.ns.nl/reisinformatie/calamiteiten/vakantiedienstregeling-tijdens-kerstvakantie-en-oud-en-nieuw.html

Oud en nieuw

Op oudejaarsdag rijden we, zoals ieder jaar, geen treinen meer na 20:00 uur, met uitzondering van Schiphol Airport‚Äì Amsterdam Centraal, waar de treinen tot 22:00 uur blijven rijden. Onze treindienst wordt op nieuwjaarsdag vanaf 10.00 uur weer opgestart. Vanaf 01:00 uur rijdt wel het nachtnet Rotterdam Centraal‚Äì Delft ‚Äì Den Haag Hollands Spoor ‚Äì Leiden Centraal ‚Äì Schiphol Airport ‚Äì Amsterdam Centraal ‚Äì Utrecht Centraal v.v., met extra stops op Amsterdam Bijlmer en Amsterdam Sloterdijk. Net als vorig jaar rijden ook tussen Haarlem en Amsterdam nachttreinen. Ook van Amsterdam naar Zaandam rijden nachttreinen in de nieuwjaarsnacht. Rondom Utrecht Centraal starten de Intercity‚Äôs naar Eindhoven Centraal, Arnhem Centraal en Amersfoort/Zwolle extra vroeg op. De vroege Sprinters naar Schiphol (aankomst voor 06:00 uur) vanuit Den Haag, Lelystad, Amersfoort, Alkmaar en Hoorn blijven op nieuwjaarsochtend rijden.

Plan je reis in de Reisplanner om te zien wat dit voor jouw reis betekent. Zet de optie ‚ÄòMeldingen‚Äô aan om updates te ontvangen over je geplande reis.",1767148385.0,2,212,https://www.reddit.com/r/thenetherlands/comments/1q01dy2/on_20_uur_laatste_ov_herinnering/,https://www.reddit.com/r/thenetherlands/comments/1q01dy2/on_20_uur_laatste_ov_herinnering/,"O&amp;N 20 uur laatste OV herinnering! https://www.ns.nl/reisinformatie/calamiteiten/vakantiedienstregeling-tijdens-kerstvakantie-en-oud-en-nieuw.html

Oud en nieuw

Op oudejaarsdag rijden we, zoals ieder jaar, geen treinen meer na 20:00 uur, met uitzondering van Schiphol Airport‚Äì Amsterdam Centraal, waar de treinen tot 22:00 uur blijven rijden. Onze treindienst wordt op nieuwjaarsdag vanaf 10.00 uur weer opgestart. Vanaf 01:00 uur rijdt wel het nachtnet Rotterdam Centraal‚Äì Delft ‚Äì Den Haag Hollands Spoor ‚Äì Leiden Centraal ‚Äì Schiphol Airport ‚Äì Amsterdam Centraal ‚Äì Utrecht Centraal v.v., met extra stops op Amsterdam Bijlmer en Amsterdam Sloterdijk. Net als vorig jaar rijden ook tussen Haarlem en Amsterdam nachttreinen. Ook van Amsterdam naar Zaandam rijden nachttreinen in de nieuwjaarsnacht. Rondom Utrecht Centraal starten de Intercity‚Äôs naar Eindhoven Centraal, Arnhem Centraal en Amersfoort/Zwolle extra vroeg op. De vroege Sprinters naar Schiphol (aankomst voor 06:00 uur) vanuit Den Haag, Lelystad, Amersfoort, Alkmaar en Hoorn blijven op nieuwjaarsochtend rijden.

Plan je reis in de Reisplanner om te zien wat dit voor jouw reis betekent. Zet de optie ‚ÄòMeldingen‚Äô aan om updates te ontvangen over je geplande reis.",Bijlmer/Zuidoost,subreddit_thenetherlands
1po6kkd,thenetherlands,Vraag over dwarsliggers,Foto van het spoor op station Bijlmer Arena. Tussen iedere √† 10 betonnen dwarsliggers ligt ineens een houten variant. Weet iemand waarom? ,1765903007.0,63,222,https://www.reddit.com/r/thenetherlands/comments/1po6kkd/vraag_over_dwarsliggers/,https://i.redd.it/vvp4ysz9gl7g1.jpeg,Vraag over dwarsliggers Foto van het spoor op station Bijlmer Arena. Tussen iedere √† 10 betonnen dwarsliggers ligt ineens een houten variant. Weet iemand waarom? ,Bijlmer/Zuidoost,subreddit_thenetherlands
